lesson_id,lesson_title,course_id
1,Lesson 1,1
2,Lesson 2,1
3,Lesson 3,1
4,Lesson 4,1
5,Lesson 5,1
6,Lesson 6,1
7,Lesson 7,1
8,Lesson 8,1
9,Lesson 9,1
10,Lesson 10,1
11,Lesson 1,2
12,Lesson 2,2
13,Lesson 3,2
14,Lesson 4,2
15,Lesson 5,2
16,Lesson 6,2
17,Lesson 7,2
18,Lesson 8,2
19,Lesson 9,2
20,Lesson 10,2
21,Lesson 1,3
22,Lesson 2,3
23,Lesson 3,3
24,Lesson 4,3
25,Lesson 5,3
26,Lesson 6,3
27,Lesson 7,3
28,Lesson 8,3
29,Lesson 9,3
30,Lesson 10,3
31,Lesson 1,4
32,Lesson 2,4
33,Lesson 3,4
34,Lesson 4,4
35,Lesson 5,4
36,Lesson 6,4
37,Lesson 7,4
38,Lesson 8,4
39,Lesson 9,4
40,Lesson 10,4
41,Lesson 1,5
42,Lesson 2,5
43,Lesson 3,5
44,Lesson 4,5
45,Lesson 5,5
46,Lesson 6,5
47,Lesson 7,5
48,Lesson 8,5
49,Lesson 9,5
50,Lesson 10,5
51,Lesson 1,6
52,Lesson 2,6
53,Lesson 3,6
54,Lesson 4,6
55,Lesson 5,6
56,Lesson 6,6
57,Lesson 7,6
58,Lesson 8,6
59,Lesson 9,6
60,Lesson 10,6
61,Lesson 1,7
62,Lesson 2,7
63,Lesson 3,7
64,Lesson 4,7
65,Lesson 5,7
66,Lesson 6,7
67,Lesson 7,7
68,Lesson 8,7
69,Lesson 9,7
70,Lesson 10,7
71,Lesson 1,8
72,Lesson 2,8
73,Lesson 3,8
74,Lesson 4,8
75,Lesson 5,8
76,Lesson 6,8
77,Lesson 7,8
78,Lesson 8,8
79,Lesson 9,8
80,Lesson 10,8
81,Lesson 1,9
82,Lesson 2,9
83,Lesson 3,9
84,Lesson 4,9
85,Lesson 5,9
86,Lesson 6,9
87,Lesson 7,9
88,Lesson 8,9
89,Lesson 9,9
90,Lesson 10,9
91,Lesson 1,10
92,Lesson 2,10
93,Lesson 3,10
94,Lesson 4,10
95,Lesson 5,10
96,Lesson 6,10
97,Lesson 7,10
98,Lesson 8,10
99,Lesson 9,10
100,Lesson 10,10
101,Lesson 1,11
102,Lesson 2,11
103,Lesson 3,11
104,Lesson 4,11
105,Lesson 5,11
106,Lesson 6,11
107,Lesson 7,11
108,Lesson 8,11
109,Lesson 9,11
110,Lesson 10,11
111,Lesson 1,12
112,Lesson 2,12
113,Lesson 3,12
114,Lesson 4,12
115,Lesson 5,12
116,Lesson 6,12
117,Lesson 7,12
118,Lesson 8,12
119,Lesson 9,12
120,Lesson 10,12
121,Lesson 1,13
122,Lesson 2,13
123,Lesson 3,13
124,Lesson 4,13
125,Lesson 5,13
126,Lesson 6,13
127,Lesson 7,13
128,Lesson 8,13
129,Lesson 9,13
130,Lesson 10,13
131,Lesson 1,14
132,Lesson 2,14
133,Lesson 3,14
134,Lesson 4,14
135,Lesson 5,14
136,Lesson 6,14
137,Lesson 7,14
138,Lesson 8,14
139,Lesson 9,14
140,Lesson 10,14
141,Lesson 1,15
142,Lesson 2,15
143,Lesson 3,15
144,Lesson 4,15
145,Lesson 5,15
146,Lesson 6,15
147,Lesson 7,15
148,Lesson 8,15
149,Lesson 9,15
150,Lesson 10,15
151,Lesson 1,16
152,Lesson 2,16
153,Lesson 3,16
154,Lesson 4,16
155,Lesson 5,16
156,Lesson 6,16
157,Lesson 7,16
158,Lesson 8,16
159,Lesson 9,16
160,Lesson 10,16
161,Lesson 1,17
162,Lesson 2,17
163,Lesson 3,17
164,Lesson 4,17
165,Lesson 5,17
166,Lesson 6,17
167,Lesson 7,17
168,Lesson 8,17
169,Lesson 9,17
170,Lesson 10,17
171,Lesson 1,18
172,Lesson 2,18
173,Lesson 3,18
174,Lesson 4,18
175,Lesson 5,18
176,Lesson 6,18
177,Lesson 7,18
178,Lesson 8,18
179,Lesson 9,18
180,Lesson 10,18
181,Lesson 1,19
182,Lesson 2,19
183,Lesson 3,19
184,Lesson 4,19
185,Lesson 5,19
186,Lesson 6,19
187,Lesson 7,19
188,Lesson 8,19
189,Lesson 9,19
190,Lesson 10,19
191,Lesson 1,20
192,Lesson 2,20
193,Lesson 3,20
194,Lesson 4,20
195,Lesson 5,20
196,Lesson 6,20
197,Lesson 7,20
198,Lesson 8,20
199,Lesson 9,20
200,Lesson 10,20
201,Lesson 1,21
202,Lesson 2,21
203,Lesson 3,21
204,Lesson 4,21
205,Lesson 5,21
206,Lesson 6,21
207,Lesson 7,21
208,Lesson 8,21
209,Lesson 9,21
210,Lesson 10,21
211,Lesson 1,22
212,Lesson 2,22
213,Lesson 3,22
214,Lesson 4,22
215,Lesson 5,22
216,Lesson 6,22
217,Lesson 7,22
218,Lesson 8,22
219,Lesson 9,22
220,Lesson 10,22
221,Lesson 1,23
222,Lesson 2,23
223,Lesson 3,23
224,Lesson 4,23
225,Lesson 5,23
226,Lesson 6,23
227,Lesson 7,23
228,Lesson 8,23
229,Lesson 9,23
230,Lesson 10,23
231,Lesson 1,24
232,Lesson 2,24
233,Lesson 3,24
234,Lesson 4,24
235,Lesson 5,24
236,Lesson 6,24
237,Lesson 7,24
238,Lesson 8,24
239,Lesson 9,24
240,Lesson 10,24
241,Lesson 1,25
242,Lesson 2,25
243,Lesson 3,25
244,Lesson 4,25
245,Lesson 5,25
246,Lesson 6,25
247,Lesson 7,25
248,Lesson 8,25
249,Lesson 9,25
250,Lesson 10,25
251,Lesson 1,26
252,Lesson 2,26
253,Lesson 3,26
254,Lesson 4,26
255,Lesson 5,26
256,Lesson 6,26
257,Lesson 7,26
258,Lesson 8,26
259,Lesson 9,26
260,Lesson 10,26
261,Lesson 1,27
262,Lesson 2,27
263,Lesson 3,27
264,Lesson 4,27
265,Lesson 5,27
266,Lesson 6,27
267,Lesson 7,27
268,Lesson 8,27
269,Lesson 9,27
270,Lesson 10,27
271,Lesson 1,28
272,Lesson 2,28
273,Lesson 3,28
274,Lesson 4,28
275,Lesson 5,28
276,Lesson 6,28
277,Lesson 7,28
278,Lesson 8,28
279,Lesson 9,28
280,Lesson 10,28
281,Lesson 1,29
282,Lesson 2,29
283,Lesson 3,29
284,Lesson 4,29
285,Lesson 5,29
286,Lesson 6,29
287,Lesson 7,29
288,Lesson 8,29
289,Lesson 9,29
290,Lesson 10,29
291,Lesson 1,30
292,Lesson 2,30
293,Lesson 3,30
294,Lesson 4,30
295,Lesson 5,30
296,Lesson 6,30
297,Lesson 7,30
298,Lesson 8,30
299,Lesson 9,30
300,Lesson 10,30
301,Lesson 1,31
302,Lesson 2,31
303,Lesson 3,31
304,Lesson 4,31
305,Lesson 5,31
306,Lesson 6,31
307,Lesson 7,31
308,Lesson 8,31
309,Lesson 9,31
310,Lesson 10,31
311,Lesson 1,32
312,Lesson 2,32
313,Lesson 3,32
314,Lesson 4,32
315,Lesson 5,32
316,Lesson 6,32
317,Lesson 7,32
318,Lesson 8,32
319,Lesson 9,32
320,Lesson 10,32
321,Lesson 1,33
322,Lesson 2,33
323,Lesson 3,33
324,Lesson 4,33
325,Lesson 5,33
326,Lesson 6,33
327,Lesson 7,33
328,Lesson 8,33
329,Lesson 9,33
330,Lesson 10,33
331,Lesson 1,34
332,Lesson 2,34
333,Lesson 3,34
334,Lesson 4,34
335,Lesson 5,34
336,Lesson 6,34
337,Lesson 7,34
338,Lesson 8,34
339,Lesson 9,34
340,Lesson 10,34
341,Lesson 1,35
342,Lesson 2,35
343,Lesson 3,35
344,Lesson 4,35
345,Lesson 5,35
346,Lesson 6,35
347,Lesson 7,35
348,Lesson 8,35
349,Lesson 9,35
350,Lesson 10,35
351,Lesson 1,36
352,Lesson 2,36
353,Lesson 3,36
354,Lesson 4,36
355,Lesson 5,36
356,Lesson 6,36
357,Lesson 7,36
358,Lesson 8,36
359,Lesson 9,36
360,Lesson 10,36
361,Lesson 1,37
362,Lesson 2,37
363,Lesson 3,37
364,Lesson 4,37
365,Lesson 5,37
366,Lesson 6,37
367,Lesson 7,37
368,Lesson 8,37
369,Lesson 9,37
370,Lesson 10,37
371,Lesson 1,38
372,Lesson 2,38
373,Lesson 3,38
374,Lesson 4,38
375,Lesson 5,38
376,Lesson 6,38
377,Lesson 7,38
378,Lesson 8,38
379,Lesson 9,38
380,Lesson 10,38
381,Lesson 1,39
382,Lesson 2,39
383,Lesson 3,39
384,Lesson 4,39
385,Lesson 5,39
386,Lesson 6,39
387,Lesson 7,39
388,Lesson 8,39
389,Lesson 9,39
390,Lesson 10,39
391,Lesson 1,40
392,Lesson 2,40
393,Lesson 3,40
394,Lesson 4,40
395,Lesson 5,40
396,Lesson 6,40
397,Lesson 7,40
398,Lesson 8,40
399,Lesson 9,40
400,Lesson 10,40
401,Lesson 1,41
402,Lesson 2,41
403,Lesson 3,41
404,Lesson 4,41
405,Lesson 5,41
406,Lesson 6,41
407,Lesson 7,41
408,Lesson 8,41
409,Lesson 9,41
410,Lesson 10,41
411,Lesson 1,42
412,Lesson 2,42
413,Lesson 3,42
414,Lesson 4,42
415,Lesson 5,42
416,Lesson 6,42
417,Lesson 7,42
418,Lesson 8,42
419,Lesson 9,42
420,Lesson 10,42
421,Lesson 1,43
422,Lesson 2,43
423,Lesson 3,43
424,Lesson 4,43
425,Lesson 5,43
426,Lesson 6,43
427,Lesson 7,43
428,Lesson 8,43
429,Lesson 9,43
430,Lesson 10,43
431,Lesson 1,44
432,Lesson 2,44
433,Lesson 3,44
434,Lesson 4,44
435,Lesson 5,44
436,Lesson 6,44
437,Lesson 7,44
438,Lesson 8,44
439,Lesson 9,44
440,Lesson 10,44
441,Lesson 1,45
442,Lesson 2,45
443,Lesson 3,45
444,Lesson 4,45
445,Lesson 5,45
446,Lesson 6,45
447,Lesson 7,45
448,Lesson 8,45
449,Lesson 9,45
450,Lesson 10,45
451,Lesson 1,46
452,Lesson 2,46
453,Lesson 3,46
454,Lesson 4,46
455,Lesson 5,46
456,Lesson 6,46
457,Lesson 7,46
458,Lesson 8,46
459,Lesson 9,46
460,Lesson 10,46
461,Lesson 1,47
462,Lesson 2,47
463,Lesson 3,47
464,Lesson 4,47
465,Lesson 5,47
466,Lesson 6,47
467,Lesson 7,47
468,Lesson 8,47
469,Lesson 9,47
470,Lesson 10,47
471,Lesson 1,48
472,Lesson 2,48
473,Lesson 3,48
474,Lesson 4,48
475,Lesson 5,48
476,Lesson 6,48
477,Lesson 7,48
478,Lesson 8,48
479,Lesson 9,48
480,Lesson 10,48
481,Lesson 1,49
482,Lesson 2,49
483,Lesson 3,49
484,Lesson 4,49
485,Lesson 5,49
486,Lesson 6,49
487,Lesson 7,49
488,Lesson 8,49
489,Lesson 9,49
490,Lesson 10,49
491,Lesson 1,50
492,Lesson 2,50
493,Lesson 3,50
494,Lesson 4,50
495,Lesson 5,50
496,Lesson 6,50
497,Lesson 7,50
498,Lesson 8,50
499,Lesson 9,50
500,Lesson 10,50
501,Lesson 1,51
502,Lesson 2,51
503,Lesson 3,51
504,Lesson 4,51
505,Lesson 5,51
506,Lesson 6,51
507,Lesson 7,51
508,Lesson 8,51
509,Lesson 9,51
510,Lesson 10,51
511,Lesson 1,52
512,Lesson 2,52
513,Lesson 3,52
514,Lesson 4,52
515,Lesson 5,52
516,Lesson 6,52
517,Lesson 7,52
518,Lesson 8,52
519,Lesson 9,52
520,Lesson 10,52
521,Lesson 1,53
522,Lesson 2,53
523,Lesson 3,53
524,Lesson 4,53
525,Lesson 5,53
526,Lesson 6,53
527,Lesson 7,53
528,Lesson 8,53
529,Lesson 9,53
530,Lesson 10,53
531,Lesson 1,54
532,Lesson 2,54
533,Lesson 3,54
534,Lesson 4,54
535,Lesson 5,54
536,Lesson 6,54
537,Lesson 7,54
538,Lesson 8,54
539,Lesson 9,54
540,Lesson 10,54
541,Lesson 1,55
542,Lesson 2,55
543,Lesson 3,55
544,Lesson 4,55
545,Lesson 5,55
546,Lesson 6,55
547,Lesson 7,55
548,Lesson 8,55
549,Lesson 9,55
550,Lesson 10,55
551,Lesson 1,56
552,Lesson 2,56
553,Lesson 3,56
554,Lesson 4,56
555,Lesson 5,56
556,Lesson 6,56
557,Lesson 7,56
558,Lesson 8,56
559,Lesson 9,56
560,Lesson 10,56
561,Lesson 1,57
562,Lesson 2,57
563,Lesson 3,57
564,Lesson 4,57
565,Lesson 5,57
566,Lesson 6,57
567,Lesson 7,57
568,Lesson 8,57
569,Lesson 9,57
570,Lesson 10,57
571,Lesson 1,58
572,Lesson 2,58
573,Lesson 3,58
574,Lesson 4,58
575,Lesson 5,58
576,Lesson 6,58
577,Lesson 7,58
578,Lesson 8,58
579,Lesson 9,58
580,Lesson 10,58
581,Lesson 1,59
582,Lesson 2,59
583,Lesson 3,59
584,Lesson 4,59
585,Lesson 5,59
586,Lesson 6,59
587,Lesson 7,59
588,Lesson 8,59
589,Lesson 9,59
590,Lesson 10,59
591,Lesson 1,60
592,Lesson 2,60
593,Lesson 3,60
594,Lesson 4,60
595,Lesson 5,60
596,Lesson 6,60
597,Lesson 7,60
598,Lesson 8,60
599,Lesson 9,60
600,Lesson 10,60
601,Lesson 1,61
602,Lesson 2,61
603,Lesson 3,61
604,Lesson 4,61
605,Lesson 5,61
606,Lesson 6,61
607,Lesson 7,61
608,Lesson 8,61
609,Lesson 9,61
610,Lesson 10,61
611,Lesson 1,62
612,Lesson 2,62
613,Lesson 3,62
614,Lesson 4,62
615,Lesson 5,62
616,Lesson 6,62
617,Lesson 7,62
618,Lesson 8,62
619,Lesson 9,62
620,Lesson 10,62
621,Lesson 1,63
622,Lesson 2,63
623,Lesson 3,63
624,Lesson 4,63
625,Lesson 5,63
626,Lesson 6,63
627,Lesson 7,63
628,Lesson 8,63
629,Lesson 9,63
630,Lesson 10,63
631,Lesson 1,64
632,Lesson 2,64
633,Lesson 3,64
634,Lesson 4,64
635,Lesson 5,64
636,Lesson 6,64
637,Lesson 7,64
638,Lesson 8,64
639,Lesson 9,64
640,Lesson 10,64
641,Lesson 1,65
642,Lesson 2,65
643,Lesson 3,65
644,Lesson 4,65
645,Lesson 5,65
646,Lesson 6,65
647,Lesson 7,65
648,Lesson 8,65
649,Lesson 9,65
650,Lesson 10,65
651,Lesson 1,66
652,Lesson 2,66
653,Lesson 3,66
654,Lesson 4,66
655,Lesson 5,66
656,Lesson 6,66
657,Lesson 7,66
658,Lesson 8,66
659,Lesson 9,66
660,Lesson 10,66
661,Lesson 1,67
662,Lesson 2,67
663,Lesson 3,67
664,Lesson 4,67
665,Lesson 5,67
666,Lesson 6,67
667,Lesson 7,67
668,Lesson 8,67
669,Lesson 9,67
670,Lesson 10,67
671,Lesson 1,68
672,Lesson 2,68
673,Lesson 3,68
674,Lesson 4,68
675,Lesson 5,68
676,Lesson 6,68
677,Lesson 7,68
678,Lesson 8,68
679,Lesson 9,68
680,Lesson 10,68
681,Lesson 1,69
682,Lesson 2,69
683,Lesson 3,69
684,Lesson 4,69
685,Lesson 5,69
686,Lesson 6,69
687,Lesson 7,69
688,Lesson 8,69
689,Lesson 9,69
690,Lesson 10,69
691,Lesson 1,70
692,Lesson 2,70
693,Lesson 3,70
694,Lesson 4,70
695,Lesson 5,70
696,Lesson 6,70
697,Lesson 7,70
698,Lesson 8,70
699,Lesson 9,70
700,Lesson 10,70
701,Lesson 1,71
702,Lesson 2,71
703,Lesson 3,71
704,Lesson 4,71
705,Lesson 5,71
706,Lesson 6,71
707,Lesson 7,71
708,Lesson 8,71
709,Lesson 9,71
710,Lesson 10,71
711,Lesson 1,72
712,Lesson 2,72
713,Lesson 3,72
714,Lesson 4,72
715,Lesson 5,72
716,Lesson 6,72
717,Lesson 7,72
718,Lesson 8,72
719,Lesson 9,72
720,Lesson 10,72
721,Lesson 1,73
722,Lesson 2,73
723,Lesson 3,73
724,Lesson 4,73
725,Lesson 5,73
726,Lesson 6,73
727,Lesson 7,73
728,Lesson 8,73
729,Lesson 9,73
730,Lesson 10,73
731,Lesson 1,74
732,Lesson 2,74
733,Lesson 3,74
734,Lesson 4,74
735,Lesson 5,74
736,Lesson 6,74
737,Lesson 7,74
738,Lesson 8,74
739,Lesson 9,74
740,Lesson 10,74
741,Lesson 1,75
742,Lesson 2,75
743,Lesson 3,75
744,Lesson 4,75
745,Lesson 5,75
746,Lesson 6,75
747,Lesson 7,75
748,Lesson 8,75
749,Lesson 9,75
750,Lesson 10,75
751,Lesson 1,76
752,Lesson 2,76
753,Lesson 3,76
754,Lesson 4,76
755,Lesson 5,76
756,Lesson 6,76
757,Lesson 7,76
758,Lesson 8,76
759,Lesson 9,76
760,Lesson 10,76
761,Lesson 1,77
762,Lesson 2,77
763,Lesson 3,77
764,Lesson 4,77
765,Lesson 5,77
766,Lesson 6,77
767,Lesson 7,77
768,Lesson 8,77
769,Lesson 9,77
770,Lesson 10,77
771,Lesson 1,78
772,Lesson 2,78
773,Lesson 3,78
774,Lesson 4,78
775,Lesson 5,78
776,Lesson 6,78
777,Lesson 7,78
778,Lesson 8,78
779,Lesson 9,78
780,Lesson 10,78
781,Lesson 1,79
782,Lesson 2,79
783,Lesson 3,79
784,Lesson 4,79
785,Lesson 5,79
786,Lesson 6,79
787,Lesson 7,79
788,Lesson 8,79
789,Lesson 9,79
790,Lesson 10,79
791,Lesson 1,80
792,Lesson 2,80
793,Lesson 3,80
794,Lesson 4,80
795,Lesson 5,80
796,Lesson 6,80
797,Lesson 7,80
798,Lesson 8,80
799,Lesson 9,80
800,Lesson 10,80
801,Lesson 1,81
802,Lesson 2,81
803,Lesson 3,81
804,Lesson 4,81
805,Lesson 5,81
806,Lesson 6,81
807,Lesson 7,81
808,Lesson 8,81
809,Lesson 9,81
810,Lesson 10,81
811,Lesson 1,82
812,Lesson 2,82
813,Lesson 3,82
814,Lesson 4,82
815,Lesson 5,82
816,Lesson 6,82
817,Lesson 7,82
818,Lesson 8,82
819,Lesson 9,82
820,Lesson 10,82
821,Lesson 1,83
822,Lesson 2,83
823,Lesson 3,83
824,Lesson 4,83
825,Lesson 5,83
826,Lesson 6,83
827,Lesson 7,83
828,Lesson 8,83
829,Lesson 9,83
830,Lesson 10,83
831,Lesson 1,84
832,Lesson 2,84
833,Lesson 3,84
834,Lesson 4,84
835,Lesson 5,84
836,Lesson 6,84
837,Lesson 7,84
838,Lesson 8,84
839,Lesson 9,84
840,Lesson 10,84
841,Lesson 1,85
842,Lesson 2,85
843,Lesson 3,85
844,Lesson 4,85
845,Lesson 5,85
846,Lesson 6,85
847,Lesson 7,85
848,Lesson 8,85
849,Lesson 9,85
850,Lesson 10,85
851,Lesson 1,86
852,Lesson 2,86
853,Lesson 3,86
854,Lesson 4,86
855,Lesson 5,86
856,Lesson 6,86
857,Lesson 7,86
858,Lesson 8,86
859,Lesson 9,86
860,Lesson 10,86
861,Lesson 1,87
862,Lesson 2,87
863,Lesson 3,87
864,Lesson 4,87
865,Lesson 5,87
866,Lesson 6,87
867,Lesson 7,87
868,Lesson 8,87
869,Lesson 9,87
870,Lesson 10,87
871,Lesson 1,88
872,Lesson 2,88
873,Lesson 3,88
874,Lesson 4,88
875,Lesson 5,88
876,Lesson 6,88
877,Lesson 7,88
878,Lesson 8,88
879,Lesson 9,88
880,Lesson 10,88
881,Lesson 1,89
882,Lesson 2,89
883,Lesson 3,89
884,Lesson 4,89
885,Lesson 5,89
886,Lesson 6,89
887,Lesson 7,89
888,Lesson 8,89
889,Lesson 9,89
890,Lesson 10,89
891,Lesson 1,90
892,Lesson 2,90
893,Lesson 3,90
894,Lesson 4,90
895,Lesson 5,90
896,Lesson 6,90
897,Lesson 7,90
898,Lesson 8,90
899,Lesson 9,90
900,Lesson 10,90
901,Lesson 1,91
902,Lesson 2,91
903,Lesson 3,91
904,Lesson 4,91
905,Lesson 5,91
906,Lesson 6,91
907,Lesson 7,91
908,Lesson 8,91
909,Lesson 9,91
910,Lesson 10,91
911,Lesson 1,92
912,Lesson 2,92
913,Lesson 3,92
914,Lesson 4,92
915,Lesson 5,92
916,Lesson 6,92
917,Lesson 7,92
918,Lesson 8,92
919,Lesson 9,92
920,Lesson 10,92
921,Lesson 1,93
922,Lesson 2,93
923,Lesson 3,93
924,Lesson 4,93
925,Lesson 5,93
926,Lesson 6,93
927,Lesson 7,93
928,Lesson 8,93
929,Lesson 9,93
930,Lesson 10,93
931,Lesson 1,94
932,Lesson 2,94
933,Lesson 3,94
934,Lesson 4,94
935,Lesson 5,94
936,Lesson 6,94
937,Lesson 7,94
938,Lesson 8,94
939,Lesson 9,94
940,Lesson 10,94
941,Lesson 1,95
942,Lesson 2,95
943,Lesson 3,95
944,Lesson 4,95
945,Lesson 5,95
946,Lesson 6,95
947,Lesson 7,95
948,Lesson 8,95
949,Lesson 9,95
950,Lesson 10,95
951,Lesson 1,96
952,Lesson 2,96
953,Lesson 3,96
954,Lesson 4,96
955,Lesson 5,96
956,Lesson 6,96
957,Lesson 7,96
958,Lesson 8,96
959,Lesson 9,96
960,Lesson 10,96
961,Lesson 1,97
962,Lesson 2,97
963,Lesson 3,97
964,Lesson 4,97
965,Lesson 5,97
966,Lesson 6,97
967,Lesson 7,97
968,Lesson 8,97
969,Lesson 9,97
970,Lesson 10,97
971,Lesson 1,98
972,Lesson 2,98
973,Lesson 3,98
974,Lesson 4,98
975,Lesson 5,98
976,Lesson 6,98
977,Lesson 7,98
978,Lesson 8,98
979,Lesson 9,98
980,Lesson 10,98
981,Lesson 1,99
982,Lesson 2,99
983,Lesson 3,99
984,Lesson 4,99
985,Lesson 5,99
986,Lesson 6,99
987,Lesson 7,99
988,Lesson 8,99
989,Lesson 9,99
990,Lesson 10,99
991,Lesson 1,100
992,Lesson 2,100
993,Lesson 3,100
994,Lesson 4,100
995,Lesson 5,100
996,Lesson 6,100
997,Lesson 7,100
998,Lesson 8,100
999,Lesson 9,100
1000,Lesson 10,100
1001,Lesson 1,101
1002,Lesson 2,101
1003,Lesson 3,101
1004,Lesson 4,101
1005,Lesson 5,101
1006,Lesson 6,101
1007,Lesson 7,101
1008,Lesson 8,101
1009,Lesson 9,101
1010,Lesson 10,101
1011,Lesson 1,102
1012,Lesson 2,102
1013,Lesson 3,102
1014,Lesson 4,102
1015,Lesson 5,102
1016,Lesson 6,102
1017,Lesson 7,102
1018,Lesson 8,102
1019,Lesson 9,102
1020,Lesson 10,102
1021,Lesson 1,103
1022,Lesson 2,103
1023,Lesson 3,103
1024,Lesson 4,103
1025,Lesson 5,103
1026,Lesson 6,103
1027,Lesson 7,103
1028,Lesson 8,103
1029,Lesson 9,103
1030,Lesson 10,103
1031,Lesson 1,104
1032,Lesson 2,104
1033,Lesson 3,104
1034,Lesson 4,104
1035,Lesson 5,104
1036,Lesson 6,104
1037,Lesson 7,104
1038,Lesson 8,104
1039,Lesson 9,104
1040,Lesson 10,104
1041,Lesson 1,105
1042,Lesson 2,105
1043,Lesson 3,105
1044,Lesson 4,105
1045,Lesson 5,105
1046,Lesson 6,105
1047,Lesson 7,105
1048,Lesson 8,105
1049,Lesson 9,105
1050,Lesson 10,105
1051,Lesson 1,106
1052,Lesson 2,106
1053,Lesson 3,106
1054,Lesson 4,106
1055,Lesson 5,106
1056,Lesson 6,106
1057,Lesson 7,106
1058,Lesson 8,106
1059,Lesson 9,106
1060,Lesson 10,106
1061,Lesson 1,107
1062,Lesson 2,107
1063,Lesson 3,107
1064,Lesson 4,107
1065,Lesson 5,107
1066,Lesson 6,107
1067,Lesson 7,107
1068,Lesson 8,107
1069,Lesson 9,107
1070,Lesson 10,107
1071,Lesson 1,108
1072,Lesson 2,108
1073,Lesson 3,108
1074,Lesson 4,108
1075,Lesson 5,108
1076,Lesson 6,108
1077,Lesson 7,108
1078,Lesson 8,108
1079,Lesson 9,108
1080,Lesson 10,108
1081,Lesson 1,109
1082,Lesson 2,109
1083,Lesson 3,109
1084,Lesson 4,109
1085,Lesson 5,109
1086,Lesson 6,109
1087,Lesson 7,109
1088,Lesson 8,109
1089,Lesson 9,109
1090,Lesson 10,109
1091,Lesson 1,110
1092,Lesson 2,110
1093,Lesson 3,110
1094,Lesson 4,110
1095,Lesson 5,110
1096,Lesson 6,110
1097,Lesson 7,110
1098,Lesson 8,110
1099,Lesson 9,110
1100,Lesson 10,110
1101,Lesson 1,111
1102,Lesson 2,111
1103,Lesson 3,111
1104,Lesson 4,111
1105,Lesson 5,111
1106,Lesson 6,111
1107,Lesson 7,111
1108,Lesson 8,111
1109,Lesson 9,111
1110,Lesson 10,111
1111,Lesson 1,112
1112,Lesson 2,112
1113,Lesson 3,112
1114,Lesson 4,112
1115,Lesson 5,112
1116,Lesson 6,112
1117,Lesson 7,112
1118,Lesson 8,112
1119,Lesson 9,112
1120,Lesson 10,112
1121,Lesson 1,113
1122,Lesson 2,113
1123,Lesson 3,113
1124,Lesson 4,113
1125,Lesson 5,113
1126,Lesson 6,113
1127,Lesson 7,113
1128,Lesson 8,113
1129,Lesson 9,113
1130,Lesson 10,113
1131,Lesson 1,114
1132,Lesson 2,114
1133,Lesson 3,114
1134,Lesson 4,114
1135,Lesson 5,114
1136,Lesson 6,114
1137,Lesson 7,114
1138,Lesson 8,114
1139,Lesson 9,114
1140,Lesson 10,114
1141,Lesson 1,115
1142,Lesson 2,115
1143,Lesson 3,115
1144,Lesson 4,115
1145,Lesson 5,115
1146,Lesson 6,115
1147,Lesson 7,115
1148,Lesson 8,115
1149,Lesson 9,115
1150,Lesson 10,115
1151,Lesson 1,116
1152,Lesson 2,116
1153,Lesson 3,116
1154,Lesson 4,116
1155,Lesson 5,116
1156,Lesson 6,116
1157,Lesson 7,116
1158,Lesson 8,116
1159,Lesson 9,116
1160,Lesson 10,116
1161,Lesson 1,117
1162,Lesson 2,117
1163,Lesson 3,117
1164,Lesson 4,117
1165,Lesson 5,117
1166,Lesson 6,117
1167,Lesson 7,117
1168,Lesson 8,117
1169,Lesson 9,117
1170,Lesson 10,117
1171,Lesson 1,118
1172,Lesson 2,118
1173,Lesson 3,118
1174,Lesson 4,118
1175,Lesson 5,118
1176,Lesson 6,118
1177,Lesson 7,118
1178,Lesson 8,118
1179,Lesson 9,118
1180,Lesson 10,118
1181,Lesson 1,119
1182,Lesson 2,119
1183,Lesson 3,119
1184,Lesson 4,119
1185,Lesson 5,119
1186,Lesson 6,119
1187,Lesson 7,119
1188,Lesson 8,119
1189,Lesson 9,119
1190,Lesson 10,119
1191,Lesson 1,120
1192,Lesson 2,120
1193,Lesson 3,120
1194,Lesson 4,120
1195,Lesson 5,120
1196,Lesson 6,120
1197,Lesson 7,120
1198,Lesson 8,120
1199,Lesson 9,120
1200,Lesson 10,120
1201,Lesson 1,121
1202,Lesson 2,121
1203,Lesson 3,121
1204,Lesson 4,121
1205,Lesson 5,121
1206,Lesson 6,121
1207,Lesson 7,121
1208,Lesson 8,121
1209,Lesson 9,121
1210,Lesson 10,121
1211,Lesson 1,122
1212,Lesson 2,122
1213,Lesson 3,122
1214,Lesson 4,122
1215,Lesson 5,122
1216,Lesson 6,122
1217,Lesson 7,122
1218,Lesson 8,122
1219,Lesson 9,122
1220,Lesson 10,122
1221,Lesson 1,123
1222,Lesson 2,123
1223,Lesson 3,123
1224,Lesson 4,123
1225,Lesson 5,123
1226,Lesson 6,123
1227,Lesson 7,123
1228,Lesson 8,123
1229,Lesson 9,123
1230,Lesson 10,123
1231,Lesson 1,124
1232,Lesson 2,124
1233,Lesson 3,124
1234,Lesson 4,124
1235,Lesson 5,124
1236,Lesson 6,124
1237,Lesson 7,124
1238,Lesson 8,124
1239,Lesson 9,124
1240,Lesson 10,124
1241,Lesson 1,125
1242,Lesson 2,125
1243,Lesson 3,125
1244,Lesson 4,125
1245,Lesson 5,125
1246,Lesson 6,125
1247,Lesson 7,125
1248,Lesson 8,125
1249,Lesson 9,125
1250,Lesson 10,125
1251,Lesson 1,126
1252,Lesson 2,126
1253,Lesson 3,126
1254,Lesson 4,126
1255,Lesson 5,126
1256,Lesson 6,126
1257,Lesson 7,126
1258,Lesson 8,126
1259,Lesson 9,126
1260,Lesson 10,126
1261,Lesson 1,127
1262,Lesson 2,127
1263,Lesson 3,127
1264,Lesson 4,127
1265,Lesson 5,127
1266,Lesson 6,127
1267,Lesson 7,127
1268,Lesson 8,127
1269,Lesson 9,127
1270,Lesson 10,127
1271,Lesson 1,128
1272,Lesson 2,128
1273,Lesson 3,128
1274,Lesson 4,128
1275,Lesson 5,128
1276,Lesson 6,128
1277,Lesson 7,128
1278,Lesson 8,128
1279,Lesson 9,128
1280,Lesson 10,128
1281,Lesson 1,129
1282,Lesson 2,129
1283,Lesson 3,129
1284,Lesson 4,129
1285,Lesson 5,129
1286,Lesson 6,129
1287,Lesson 7,129
1288,Lesson 8,129
1289,Lesson 9,129
1290,Lesson 10,129
1291,Lesson 1,130
1292,Lesson 2,130
1293,Lesson 3,130
1294,Lesson 4,130
1295,Lesson 5,130
1296,Lesson 6,130
1297,Lesson 7,130
1298,Lesson 8,130
1299,Lesson 9,130
1300,Lesson 10,130
1301,Lesson 1,131
1302,Lesson 2,131
1303,Lesson 3,131
1304,Lesson 4,131
1305,Lesson 5,131
1306,Lesson 6,131
1307,Lesson 7,131
1308,Lesson 8,131
1309,Lesson 9,131
1310,Lesson 10,131
1311,Lesson 1,132
1312,Lesson 2,132
1313,Lesson 3,132
1314,Lesson 4,132
1315,Lesson 5,132
1316,Lesson 6,132
1317,Lesson 7,132
1318,Lesson 8,132
1319,Lesson 9,132
1320,Lesson 10,132
1321,Lesson 1,133
1322,Lesson 2,133
1323,Lesson 3,133
1324,Lesson 4,133
1325,Lesson 5,133
1326,Lesson 6,133
1327,Lesson 7,133
1328,Lesson 8,133
1329,Lesson 9,133
1330,Lesson 10,133
1331,Lesson 1,134
1332,Lesson 2,134
1333,Lesson 3,134
1334,Lesson 4,134
1335,Lesson 5,134
1336,Lesson 6,134
1337,Lesson 7,134
1338,Lesson 8,134
1339,Lesson 9,134
1340,Lesson 10,134
1341,Lesson 1,135
1342,Lesson 2,135
1343,Lesson 3,135
1344,Lesson 4,135
1345,Lesson 5,135
1346,Lesson 6,135
1347,Lesson 7,135
1348,Lesson 8,135
1349,Lesson 9,135
1350,Lesson 10,135
1351,Lesson 1,136
1352,Lesson 2,136
1353,Lesson 3,136
1354,Lesson 4,136
1355,Lesson 5,136
1356,Lesson 6,136
1357,Lesson 7,136
1358,Lesson 8,136
1359,Lesson 9,136
1360,Lesson 10,136
1361,Lesson 1,137
1362,Lesson 2,137
1363,Lesson 3,137
1364,Lesson 4,137
1365,Lesson 5,137
1366,Lesson 6,137
1367,Lesson 7,137
1368,Lesson 8,137
1369,Lesson 9,137
1370,Lesson 10,137
1371,Lesson 1,138
1372,Lesson 2,138
1373,Lesson 3,138
1374,Lesson 4,138
1375,Lesson 5,138
1376,Lesson 6,138
1377,Lesson 7,138
1378,Lesson 8,138
1379,Lesson 9,138
1380,Lesson 10,138
1381,Lesson 1,139
1382,Lesson 2,139
1383,Lesson 3,139
1384,Lesson 4,139
1385,Lesson 5,139
1386,Lesson 6,139
1387,Lesson 7,139
1388,Lesson 8,139
1389,Lesson 9,139
1390,Lesson 10,139
1391,Lesson 1,140
1392,Lesson 2,140
1393,Lesson 3,140
1394,Lesson 4,140
1395,Lesson 5,140
1396,Lesson 6,140
1397,Lesson 7,140
1398,Lesson 8,140
1399,Lesson 9,140
1400,Lesson 10,140
1401,Lesson 1,141
1402,Lesson 2,141
1403,Lesson 3,141
1404,Lesson 4,141
1405,Lesson 5,141
1406,Lesson 6,141
1407,Lesson 7,141
1408,Lesson 8,141
1409,Lesson 9,141
1410,Lesson 10,141
1411,Lesson 1,142
1412,Lesson 2,142
1413,Lesson 3,142
1414,Lesson 4,142
1415,Lesson 5,142
1416,Lesson 6,142
1417,Lesson 7,142
1418,Lesson 8,142
1419,Lesson 9,142
1420,Lesson 10,142
1421,Lesson 1,143
1422,Lesson 2,143
1423,Lesson 3,143
1424,Lesson 4,143
1425,Lesson 5,143
1426,Lesson 6,143
1427,Lesson 7,143
1428,Lesson 8,143
1429,Lesson 9,143
1430,Lesson 10,143
1431,Lesson 1,144
1432,Lesson 2,144
1433,Lesson 3,144
1434,Lesson 4,144
1435,Lesson 5,144
1436,Lesson 6,144
1437,Lesson 7,144
1438,Lesson 8,144
1439,Lesson 9,144
1440,Lesson 10,144
1441,Lesson 1,145
1442,Lesson 2,145
1443,Lesson 3,145
1444,Lesson 4,145
1445,Lesson 5,145
1446,Lesson 6,145
1447,Lesson 7,145
1448,Lesson 8,145
1449,Lesson 9,145
1450,Lesson 10,145
1451,Lesson 1,146
1452,Lesson 2,146
1453,Lesson 3,146
1454,Lesson 4,146
1455,Lesson 5,146
1456,Lesson 6,146
1457,Lesson 7,146
1458,Lesson 8,146
1459,Lesson 9,146
1460,Lesson 10,146
1461,Lesson 1,147
1462,Lesson 2,147
1463,Lesson 3,147
1464,Lesson 4,147
1465,Lesson 5,147
1466,Lesson 6,147
1467,Lesson 7,147
1468,Lesson 8,147
1469,Lesson 9,147
1470,Lesson 10,147
1471,Lesson 1,148
1472,Lesson 2,148
1473,Lesson 3,148
1474,Lesson 4,148
1475,Lesson 5,148
1476,Lesson 6,148
1477,Lesson 7,148
1478,Lesson 8,148
1479,Lesson 9,148
1480,Lesson 10,148
1481,Lesson 1,149
1482,Lesson 2,149
1483,Lesson 3,149
1484,Lesson 4,149
1485,Lesson 5,149
1486,Lesson 6,149
1487,Lesson 7,149
1488,Lesson 8,149
1489,Lesson 9,149
1490,Lesson 10,149
1491,Lesson 1,150
1492,Lesson 2,150
1493,Lesson 3,150
1494,Lesson 4,150
1495,Lesson 5,150
1496,Lesson 6,150
1497,Lesson 7,150
1498,Lesson 8,150
1499,Lesson 9,150
1500,Lesson 10,150
1501,Lesson 1,151
1502,Lesson 2,151
1503,Lesson 3,151
1504,Lesson 4,151
1505,Lesson 5,151
1506,Lesson 6,151
1507,Lesson 7,151
1508,Lesson 8,151
1509,Lesson 9,151
1510,Lesson 10,151
1511,Lesson 1,152
1512,Lesson 2,152
1513,Lesson 3,152
1514,Lesson 4,152
1515,Lesson 5,152
1516,Lesson 6,152
1517,Lesson 7,152
1518,Lesson 8,152
1519,Lesson 9,152
1520,Lesson 10,152
1521,Lesson 1,153
1522,Lesson 2,153
1523,Lesson 3,153
1524,Lesson 4,153
1525,Lesson 5,153
1526,Lesson 6,153
1527,Lesson 7,153
1528,Lesson 8,153
1529,Lesson 9,153
1530,Lesson 10,153
1531,Lesson 1,154
1532,Lesson 2,154
1533,Lesson 3,154
1534,Lesson 4,154
1535,Lesson 5,154
1536,Lesson 6,154
1537,Lesson 7,154
1538,Lesson 8,154
1539,Lesson 9,154
1540,Lesson 10,154
1541,Lesson 1,155
1542,Lesson 2,155
1543,Lesson 3,155
1544,Lesson 4,155
1545,Lesson 5,155
1546,Lesson 6,155
1547,Lesson 7,155
1548,Lesson 8,155
1549,Lesson 9,155
1550,Lesson 10,155
1551,Lesson 1,156
1552,Lesson 2,156
1553,Lesson 3,156
1554,Lesson 4,156
1555,Lesson 5,156
1556,Lesson 6,156
1557,Lesson 7,156
1558,Lesson 8,156
1559,Lesson 9,156
1560,Lesson 10,156
1561,Lesson 1,157
1562,Lesson 2,157
1563,Lesson 3,157
1564,Lesson 4,157
1565,Lesson 5,157
1566,Lesson 6,157
1567,Lesson 7,157
1568,Lesson 8,157
1569,Lesson 9,157
1570,Lesson 10,157
1571,Lesson 1,158
1572,Lesson 2,158
1573,Lesson 3,158
1574,Lesson 4,158
1575,Lesson 5,158
1576,Lesson 6,158
1577,Lesson 7,158
1578,Lesson 8,158
1579,Lesson 9,158
1580,Lesson 10,158
1581,Lesson 1,159
1582,Lesson 2,159
1583,Lesson 3,159
1584,Lesson 4,159
1585,Lesson 5,159
1586,Lesson 6,159
1587,Lesson 7,159
1588,Lesson 8,159
1589,Lesson 9,159
1590,Lesson 10,159
1591,Lesson 1,160
1592,Lesson 2,160
1593,Lesson 3,160
1594,Lesson 4,160
1595,Lesson 5,160
1596,Lesson 6,160
1597,Lesson 7,160
1598,Lesson 8,160
1599,Lesson 9,160
1600,Lesson 10,160
1601,Lesson 1,161
1602,Lesson 2,161
1603,Lesson 3,161
1604,Lesson 4,161
1605,Lesson 5,161
1606,Lesson 6,161
1607,Lesson 7,161
1608,Lesson 8,161
1609,Lesson 9,161
1610,Lesson 10,161
1611,Lesson 1,162
1612,Lesson 2,162
1613,Lesson 3,162
1614,Lesson 4,162
1615,Lesson 5,162
1616,Lesson 6,162
1617,Lesson 7,162
1618,Lesson 8,162
1619,Lesson 9,162
1620,Lesson 10,162
1621,Lesson 1,163
1622,Lesson 2,163
1623,Lesson 3,163
1624,Lesson 4,163
1625,Lesson 5,163
1626,Lesson 6,163
1627,Lesson 7,163
1628,Lesson 8,163
1629,Lesson 9,163
1630,Lesson 10,163
1631,Lesson 1,164
1632,Lesson 2,164
1633,Lesson 3,164
1634,Lesson 4,164
1635,Lesson 5,164
1636,Lesson 6,164
1637,Lesson 7,164
1638,Lesson 8,164
1639,Lesson 9,164
1640,Lesson 10,164
1641,Lesson 1,165
1642,Lesson 2,165
1643,Lesson 3,165
1644,Lesson 4,165
1645,Lesson 5,165
1646,Lesson 6,165
1647,Lesson 7,165
1648,Lesson 8,165
1649,Lesson 9,165
1650,Lesson 10,165
1651,Lesson 1,166
1652,Lesson 2,166
1653,Lesson 3,166
1654,Lesson 4,166
1655,Lesson 5,166
1656,Lesson 6,166
1657,Lesson 7,166
1658,Lesson 8,166
1659,Lesson 9,166
1660,Lesson 10,166
1661,Lesson 1,167
1662,Lesson 2,167
1663,Lesson 3,167
1664,Lesson 4,167
1665,Lesson 5,167
1666,Lesson 6,167
1667,Lesson 7,167
1668,Lesson 8,167
1669,Lesson 9,167
1670,Lesson 10,167
1671,Lesson 1,168
1672,Lesson 2,168
1673,Lesson 3,168
1674,Lesson 4,168
1675,Lesson 5,168
1676,Lesson 6,168
1677,Lesson 7,168
1678,Lesson 8,168
1679,Lesson 9,168
1680,Lesson 10,168
1681,Lesson 1,169
1682,Lesson 2,169
1683,Lesson 3,169
1684,Lesson 4,169
1685,Lesson 5,169
1686,Lesson 6,169
1687,Lesson 7,169
1688,Lesson 8,169
1689,Lesson 9,169
1690,Lesson 10,169
1691,Lesson 1,170
1692,Lesson 2,170
1693,Lesson 3,170
1694,Lesson 4,170
1695,Lesson 5,170
1696,Lesson 6,170
1697,Lesson 7,170
1698,Lesson 8,170
1699,Lesson 9,170
1700,Lesson 10,170
1701,Lesson 1,171
1702,Lesson 2,171
1703,Lesson 3,171
1704,Lesson 4,171
1705,Lesson 5,171
1706,Lesson 6,171
1707,Lesson 7,171
1708,Lesson 8,171
1709,Lesson 9,171
1710,Lesson 10,171
1711,Lesson 1,172
1712,Lesson 2,172
1713,Lesson 3,172
1714,Lesson 4,172
1715,Lesson 5,172
1716,Lesson 6,172
1717,Lesson 7,172
1718,Lesson 8,172
1719,Lesson 9,172
1720,Lesson 10,172
1721,Lesson 1,173
1722,Lesson 2,173
1723,Lesson 3,173
1724,Lesson 4,173
1725,Lesson 5,173
1726,Lesson 6,173
1727,Lesson 7,173
1728,Lesson 8,173
1729,Lesson 9,173
1730,Lesson 10,173
1731,Lesson 1,174
1732,Lesson 2,174
1733,Lesson 3,174
1734,Lesson 4,174
1735,Lesson 5,174
1736,Lesson 6,174
1737,Lesson 7,174
1738,Lesson 8,174
1739,Lesson 9,174
1740,Lesson 10,174
1741,Lesson 1,175
1742,Lesson 2,175
1743,Lesson 3,175
1744,Lesson 4,175
1745,Lesson 5,175
1746,Lesson 6,175
1747,Lesson 7,175
1748,Lesson 8,175
1749,Lesson 9,175
1750,Lesson 10,175
1751,Lesson 1,176
1752,Lesson 2,176
1753,Lesson 3,176
1754,Lesson 4,176
1755,Lesson 5,176
1756,Lesson 6,176
1757,Lesson 7,176
1758,Lesson 8,176
1759,Lesson 9,176
1760,Lesson 10,176
1761,Lesson 1,177
1762,Lesson 2,177
1763,Lesson 3,177
1764,Lesson 4,177
1765,Lesson 5,177
1766,Lesson 6,177
1767,Lesson 7,177
1768,Lesson 8,177
1769,Lesson 9,177
1770,Lesson 10,177
1771,Lesson 1,178
1772,Lesson 2,178
1773,Lesson 3,178
1774,Lesson 4,178
1775,Lesson 5,178
1776,Lesson 6,178
1777,Lesson 7,178
1778,Lesson 8,178
1779,Lesson 9,178
1780,Lesson 10,178
1781,Lesson 1,179
1782,Lesson 2,179
1783,Lesson 3,179
1784,Lesson 4,179
1785,Lesson 5,179
1786,Lesson 6,179
1787,Lesson 7,179
1788,Lesson 8,179
1789,Lesson 9,179
1790,Lesson 10,179
1791,Lesson 1,180
1792,Lesson 2,180
1793,Lesson 3,180
1794,Lesson 4,180
1795,Lesson 5,180
1796,Lesson 6,180
1797,Lesson 7,180
1798,Lesson 8,180
1799,Lesson 9,180
1800,Lesson 10,180
1801,Lesson 1,181
1802,Lesson 2,181
1803,Lesson 3,181
1804,Lesson 4,181
1805,Lesson 5,181
1806,Lesson 6,181
1807,Lesson 7,181
1808,Lesson 8,181
1809,Lesson 9,181
1810,Lesson 10,181
1811,Lesson 1,182
1812,Lesson 2,182
1813,Lesson 3,182
1814,Lesson 4,182
1815,Lesson 5,182
1816,Lesson 6,182
1817,Lesson 7,182
1818,Lesson 8,182
1819,Lesson 9,182
1820,Lesson 10,182
1821,Lesson 1,183
1822,Lesson 2,183
1823,Lesson 3,183
1824,Lesson 4,183
1825,Lesson 5,183
1826,Lesson 6,183
1827,Lesson 7,183
1828,Lesson 8,183
1829,Lesson 9,183
1830,Lesson 10,183
1831,Lesson 1,184
1832,Lesson 2,184
1833,Lesson 3,184
1834,Lesson 4,184
1835,Lesson 5,184
1836,Lesson 6,184
1837,Lesson 7,184
1838,Lesson 8,184
1839,Lesson 9,184
1840,Lesson 10,184
1841,Lesson 1,185
1842,Lesson 2,185
1843,Lesson 3,185
1844,Lesson 4,185
1845,Lesson 5,185
1846,Lesson 6,185
1847,Lesson 7,185
1848,Lesson 8,185
1849,Lesson 9,185
1850,Lesson 10,185
1851,Lesson 1,186
1852,Lesson 2,186
1853,Lesson 3,186
1854,Lesson 4,186
1855,Lesson 5,186
1856,Lesson 6,186
1857,Lesson 7,186
1858,Lesson 8,186
1859,Lesson 9,186
1860,Lesson 10,186
1861,Lesson 1,187
1862,Lesson 2,187
1863,Lesson 3,187
1864,Lesson 4,187
1865,Lesson 5,187
1866,Lesson 6,187
1867,Lesson 7,187
1868,Lesson 8,187
1869,Lesson 9,187
1870,Lesson 10,187
1871,Lesson 1,188
1872,Lesson 2,188
1873,Lesson 3,188
1874,Lesson 4,188
1875,Lesson 5,188
1876,Lesson 6,188
1877,Lesson 7,188
1878,Lesson 8,188
1879,Lesson 9,188
1880,Lesson 10,188
1881,Lesson 1,189
1882,Lesson 2,189
1883,Lesson 3,189
1884,Lesson 4,189
1885,Lesson 5,189
1886,Lesson 6,189
1887,Lesson 7,189
1888,Lesson 8,189
1889,Lesson 9,189
1890,Lesson 10,189
1891,Lesson 1,190
1892,Lesson 2,190
1893,Lesson 3,190
1894,Lesson 4,190
1895,Lesson 5,190
1896,Lesson 6,190
1897,Lesson 7,190
1898,Lesson 8,190
1899,Lesson 9,190
1900,Lesson 10,190
1901,Lesson 1,191
1902,Lesson 2,191
1903,Lesson 3,191
1904,Lesson 4,191
1905,Lesson 5,191
1906,Lesson 6,191
1907,Lesson 7,191
1908,Lesson 8,191
1909,Lesson 9,191
1910,Lesson 10,191
1911,Lesson 1,192
1912,Lesson 2,192
1913,Lesson 3,192
1914,Lesson 4,192
1915,Lesson 5,192
1916,Lesson 6,192
1917,Lesson 7,192
1918,Lesson 8,192
1919,Lesson 9,192
1920,Lesson 10,192
1921,Lesson 1,193
1922,Lesson 2,193
1923,Lesson 3,193
1924,Lesson 4,193
1925,Lesson 5,193
1926,Lesson 6,193
1927,Lesson 7,193
1928,Lesson 8,193
1929,Lesson 9,193
1930,Lesson 10,193
1931,Lesson 1,194
1932,Lesson 2,194
1933,Lesson 3,194
1934,Lesson 4,194
1935,Lesson 5,194
1936,Lesson 6,194
1937,Lesson 7,194
1938,Lesson 8,194
1939,Lesson 9,194
1940,Lesson 10,194
1941,Lesson 1,195
1942,Lesson 2,195
1943,Lesson 3,195
1944,Lesson 4,195
1945,Lesson 5,195
1946,Lesson 6,195
1947,Lesson 7,195
1948,Lesson 8,195
1949,Lesson 9,195
1950,Lesson 10,195
1951,Lesson 1,196
1952,Lesson 2,196
1953,Lesson 3,196
1954,Lesson 4,196
1955,Lesson 5,196
1956,Lesson 6,196
1957,Lesson 7,196
1958,Lesson 8,196
1959,Lesson 9,196
1960,Lesson 10,196
1961,Lesson 1,197
1962,Lesson 2,197
1963,Lesson 3,197
1964,Lesson 4,197
1965,Lesson 5,197
1966,Lesson 6,197
1967,Lesson 7,197
1968,Lesson 8,197
1969,Lesson 9,197
1970,Lesson 10,197
1971,Lesson 1,198
1972,Lesson 2,198
1973,Lesson 3,198
1974,Lesson 4,198
1975,Lesson 5,198
1976,Lesson 6,198
1977,Lesson 7,198
1978,Lesson 8,198
1979,Lesson 9,198
1980,Lesson 10,198
1981,Lesson 1,199
1982,Lesson 2,199
1983,Lesson 3,199
1984,Lesson 4,199
1985,Lesson 5,199
1986,Lesson 6,199
1987,Lesson 7,199
1988,Lesson 8,199
1989,Lesson 9,199
1990,Lesson 10,199
1991,Lesson 1,200
1992,Lesson 2,200
1993,Lesson 3,200
1994,Lesson 4,200
1995,Lesson 5,200
1996,Lesson 6,200
1997,Lesson 7,200
1998,Lesson 8,200
1999,Lesson 9,200
2000,Lesson 10,200
